Name,Active,Avatar,Sex,Created_at
Gov. Shaunda Effertz,Male,https://robohash.org/quivelomnis.png?size=300x300&set=set1,true,2023-11-09 13:10:56 +0700
Mr. Corey Wolf,Male,https://robohash.org/pariaturnemoveritatis.png?size=300x300&set=set1,true,2023-11-09 07:21:12 +0700
Msgr. Marco Windler,Male,https://robohash.org/eosminussit.png?size=300x300&set=set1,false,2023-11-08 11:02:25 +0700
Kizzie Hirthe,Female,https://robohash.org/voluptatibusculpaeum.png?size=300x300&set=set1,false,2023-11-08 22:31:45 +0700
Ivelisse Romaguera,Female,https://robohash.org/maioresundedolores.png?size=300x300&set=set1,false,2023-11-08 13:15:05 +0700
Lenard Abbott,Male,https://robohash.org/utomnisconsequuntur.png?size=300x300&set=set1,true,2023-11-08 17:34:37 +0700
Mariano Ziemann,Female,https://robohash.org/sedlaudantiumaut.png?size=300x300&set=set1,false,2023-11-09 23:58:51 +0700
Delila Daniel JD,Male,https://robohash.org/laboriosamdolorefacere.png?size=300x300&set=set1,false,2023-11-09 07:30:41 +0700
Earl Effertz,Male,https://robohash.org/eligendieaperferendis.png?size=300x300&set=set1,true,2023-11-08 18:20:34 +0700
Rima Schiller,Male,https://robohash.org/enimautdoloribus.png?size=300x300&set=set1,false,2023-11-09 05:46:22 +0700
Dr. Obdulia Deckow,Female,https://robohash.org/illomodilibero.png?size=300x300&set=set1,false,2023-11-08 17:48:03 +0700
Edward Hirthe,Female,https://robohash.org/quiadictaipsam.png?size=300x300&set=set1,false,2023-11-09 08:50:50 +0700
Alphonse Hammes Ret.,Male,https://robohash.org/velminimanesciunt.png?size=300x300&set=set1,true,2023-11-09 23:29:42 +0700
Gov. Larita Stiedemann,Female,https://robohash.org/excepturisedaut.png?size=300x300&set=set1,false,2023-11-09 18:10:58 +0700
Lilian Koch,Female,https://robohash.org/doloresnemoiure.png?size=300x300&set=set1,true,2023-11-08 01:44:01 +0700
Salvador Kessler,Female,https://robohash.org/quosdoloredoloremque.png?size=300x300&set=set1,false,2023-11-09 11:46:29 +0700
Tonda Bruen IV,Male,https://robohash.org/quisapientemodi.png?size=300x300&set=set1,true,2023-11-08 11:05:35 +0700
Mrs. Ian Dare,Female,https://robohash.org/atatquequibusdam.png?size=300x300&set=set1,true,2023-11-09 21:23:44 +0700
Cody Raynor,Female,https://robohash.org/voluptasautsapiente.png?size=300x300&set=set1,false,2023-11-08 23:48:50 +0700
Octavio Denesik,Female,https://robohash.org/corporiscupiditateomnis.png?size=300x300&set=set1,false,2023-11-09 10:06:26 +0700
Gayle Bechtelar,Female,https://robohash.org/consequaturvoluptatibusnumquam.png?size=300x300&set=set1,false,2023-11-09 11:12:34 +0700
Phoebe Price,Female,https://robohash.org/doloresautincidunt.png?size=300x300&set=set1,false,2023-11-09 14:45:37 +0700
Shala Grady,Female,https://robohash.org/etprovidenteos.png?size=300x300&set=set1,true,2023-11-08 06:37:51 +0700
Keturah Ward,Female,https://robohash.org/liberobeataein.png?size=300x300&set=set1,true,2023-11-08 09:31:03 +0700
Allen Frami,Female,https://robohash.org/omnisquisquamsimilique.png?size=300x300&set=set1,false,2023-11-08 15:04:39 +0700
Moira Rippin,Female,https://robohash.org/pariaturplaceattenetur.png?size=300x300&set=set1,false,2023-11-08 00:35:09 +0700
August Collier,Male,https://robohash.org/aliquidmolestiasqui.png?size=300x300&set=set1,true,2023-11-09 21:01:33 +0700
Krystyna Mante,Male,https://robohash.org/ametquiaqui.png?size=300x300&set=set1,true,2023-11-09 13:56:08 +0700
Camelia Lesch,Male,https://robohash.org/dictaestid.png?size=300x300&set=set1,false,2023-11-08 10:25:12 +0700
Tamica Waters,Female,https://robohash.org/porronullaillum.png?size=300x300&set=set1,false,2023-11-09 06:53:51 +0700
Sen. Cecil Lynch,Female,https://robohash.org/blanditiisconsequunturvoluptas.png?size=300x300&set=set1,true,2023-11-09 22:03:20 +0700
Lia Larkin,Female,https://robohash.org/essemaioresomnis.png?size=300x300&set=set1,true,2023-11-09 03:47:56 +0700
